Samples,rs10497191,rs1079597,rs11652805,rs1229984,rs12439433,rs12498138,rs12913832,rs1426654,rs1462906,rs1572018,rs16891982,rs174570,rs17642714,rs1800414,rs1834619,rs1871534,rs1876482,rs1919550,rs192655,rs200354,rs2024566,rs2042762,rs2166624,rs2196051,rs2238151,rs2593595,rs260690,rs2814778,rs310644,rs3737576,rs3811801,rs3814134,rs3823159,rs3827760,rs3916235,rs4411548,rs4471745,rs459920,rs4833103,rs4891825,rs4918664,rs671,rs6754311,rs6990312,rs7226659,rs7251928,rs7326934,rs735480,rs7554936,rs7657799,rs7722456,rs798443,rs7997709,rs870347,rs917115,rs9522149
ABC-9528,C,A/G,C/T,A,A,G,A,G,C,A,C,C/T,A,G,A/G,C,C/T,A,A,T,A,A,G,C,C,C/T,C,A,G,A,C,T,A,T,G,G,G,T,C,A,G,G,C,T,G/T,A,G,C/T,T,G/T,T,A/G,T,T,C,T
ABC-9529,C,A/G,T,A,A,G,A,G,C,A/G,C,T,A,A,A/G,C,C/T,A,A,G/T,A,A,A/G,C/T,C,C,C,A,A/G,A,C,T,A,C/T,G,G,G,T,C,A,A/G,G,C,G/T,T,A,G,C/T,T,T,T,G,C,T,C,T
ABC-9531,C,A/G,T,A,A,G,A,G,C,A,C,T,A,A,A/G,C,C/T,A,A/G,T,A,A,G,C,C,T,A,A,G,A,C/T,C,A,T,G,G,G,T,C,A,G,G,C,T,G/T,A,G,C/T,T,T,T,A/G,C/T,G,C,T
ABC-9532,C,G,T,A,A,G,A,G,C,A,C,T,A,A,A/G,C,T,A,A/G,G,A,A,G,C,C,C/T,A,A,G,A,C,C/T,A,T,G,G,G,T,C,A,G,G,C,T,T,A,G,C/T,T,G,T,G,C/T,G/T,C,T
ABC-9533,C,A,T,A/G,A,G,A,G,C,A/G,C,T,A,A/G,A,C,T,A,A/G,G/T,A,A,A/G,C,C,C/T,A,A,G,A,C,C/T,A/G,T,G,G,A,T,C,A/G,G,G,C/T,G,T,A,G,T,T,T,C,A/G,T,T,C,T
ABC-9534,C,A/G,T,A,A,G,A,G,C,A/G,C,T,A,A,A/G,C,C/T,A,A/G,G,A,A,A/G,C,C,T,A,A,G,A,C,C,A,T,G,A/G,G,T,C,A/G,G,G,C,G/T,G/T,A,G,T,C/T,G/T,C/T,G,C/T,G,C,T
ABC-9535,C,A,T,A/G,A,G,A,G,C,A/G,C,T,A,A/G,G,C,C,A,A/G,G/T,A,A,A/G,C,C,C/T,A/C,A,G,A,C,T,A,C/T,G,G,G,T,C,A,A/G,G,C,G,T,A,G,C/T,T,G/T,C/T,A,T,T,C,T
ABC-9536,C,A/G,T,G,A,G,A,G,C,A,C,T,A,A,A,C,T,A,A/G,T,A,A,G,C,C,C/T,A/C,A,A/G,A,C,C/T,A/G,T,G,G,G,T,C,A,A/G,G,C,G/T,T,A,G,T,T,T,T,A/G,C/T,G,C,T
ABC-9539,C,A,T,A,A,G,A,G,C,A/G,C,T,A,A/G,A/G,C,C/T,A,A,G/T,A,A,G,C/T,C,T,A/C,A,A/G,A,C,C,A,C/T,G,A/G,G,T,C,A,G,G,C,T,T,A,G,T,T,G/T,T,G,C/T,G/T,C,T
ABC-9541,C,G,C/T,A/G,A,G,A,G,C,A,C,T,A,A,G,C,C,A,A,T,A,A,A/G,C,C,T,A,A,G,A,C,T,A,T,G,G,A/G,T,C,A/G,A/G,G,C,G/T,T,A,G,T,T,G,T,G,T,T,C,T
ABC-9542,C,A/G,T,A/G,A,G,A,G,C,A,C,C/T,A,A/G,G,C,C/T,A,A/G,G,A,A,G,C/T,C,T,C,A,G,A,C,T,A/G,C,G,A/G,A/G,T,C,A,G,G,C,G/T,T,A,G,T,T,T,T,A/G,C/T,T,C,T
ABC-9543,C,A,C/T,A/G,A,G,A,G,C,A,C,T,A,A,A/G,C,C/T,A,A,T,A,A,G,C,C,C/T,A,A,G,A,C,T,A,T,G,G,G,T,C,A,G,G,C,G,T,A,G,T,T,T,C/T,A/G,C/T,G,C,T
ABC-9544,C,A,T,G,A,G,A,G,C,A,C,C/T,A,A,A/G,C,C/T,A,A/G,G/T,A,A,G,C,C,T,A/C,A,A/G,A,C,T,A,T,G,G,A/G,T,C,A,A,G,C,G/T,G/T,A,G,C/T,T,G/T,T,A,C/T,T,C,T
ABC-9545,C,G,T,G,A,G,A,G,C,A/G,C,C/T,A,A,A,C,T,A,A,G/T,A,A,A/G,C,C,C/T,A,A,G,A,C,C,A,T,G,G,A/G,T,C,A,G,G,C,G,T,A,G,T,T,T,C/T,A/G,C,T,C,T
ABD-9431,C,A/G,T,G,A,G,A,G,C,A,C,T,A,A,A/G,C,C,A,A/G,G,A,A,A/G,C,C,T,C,A,G,A,C,T,A,T,G,G,G,T,C,A,A/G,G,C,G/T,T,A/C,G,C,T,G/T,C/T,A/G,C/T,G/T,C,T
ABD-9432,C/T,A/G,T,A/G,A,G,A,G,C/T,G,C,T,A,A,A,C,T,A,A,T,A,A,A/G,C/T,C,T,A/C,A,G,A,C,T,A,T,G,G,G,T,C,A,A,G,C,G/T,T,A/C,G,C,T,G/T,C/T,A,C/T,G,C,T
ABD-9433,C,G,T,A/G,A,G,A,G,C,A,C,T,A,A,G,C,C,A,A,T,A,A,G,C,C,T,C,A,A/G,A,C,T,A,C/T,G,G,G,T,C,A,A,G,C,T,T,A/C,C,T,T,G/T,T,A,T,G/T,C,T
ABD-9434,C,G,T,A/G,A,G,A,G,C,G,C,T,A,A,A/G,C,T,A,A/G,T,A,A,A,C,C,T,A/C,A,A/G,A,C,T,A/G,T,G,G,G,T,C,A,A,G,C,G/T,T,C,C/G,T,T,G/T,C/T,A,T,G/T,C,T
ABD-9435,T,A/G,T,A/G,A,G,A,G,T,A/G,C,T,A,A,A/G,C,C,A,A/G,T,A,A,G,C,C,T,A/C,A,G,A,C,T,A/G,C/T,G,G,G,T,C,A,A,G,C,T,T,A,C/G,C,T,G/T,C/T,A/G,T,G/T,C,T
ABD-9436,C/T,G,T,G,A,G,A,G,C,A/G,C,T,A,A,A/G,C,C/T,A,A,T,A,A,G,C/T,C/T,T,A,A,G,A,C,NA,A,T,G,G,G,T,C,A,A/G,G,C,G,T,A/C,C/G,C/T,T,G/T,T,A,C/T,T,C,T
ABD-9437,C,G,T,A/G,A,G,A,G,C,A,C,C/T,A,A,G,C,C,A,A/G,T,A,A,G,C/T,C,T,A/C,A,G,A,C,T,A,T,G,G,G,T,C,A,G,G,C,G/T,T,A/C,C/G,T,T,G/T,C,A,C/T,G/T,C,T
ABD-9438,C,G,T,G,A,G,A,G,C,A/G,C,T,A,A,A/G,C,C/T,A,A/G,T,A,A,G,C/T,C/T,T,C,A,G,A,C,C,A,C/T,G,G,G,T,C,A,A/G,G,C,G/T,T,C,G,T,T,G,C/T,A,T,T,C,T
ABD-9439,C/T,G,T,A/G,A,G,A,G,C,A,C,T,A,A,A/G,C,C/T,A,A,T,A,A,G,C/T,C/T,T,C,A,G,A,C,T,A,T,G,G,G,T,C,A,A/G,G,C,G/T,T,A,C/G,T,C/T,G,C/T,A,C,G/T,C,T
ABD-9440,C,A/G,T,A/G,A,G,A,G,C,A/G,C,C/T,A,A,A,C,T,A,A,T,A,A,A/G,C,T,T,A/C,A,G,A,C,C/T,A/G,C/T,G,A/G,G,T,C,A,A/G,G,C,G,T,A,G,T,T,G/T,C/T,A/G,T,G/T,C,T
ABD-9441,C/T,A,T,A/G,A,G,A,G,C,A,C,T,A,A,A/G,C,C,A,A,T,A,A,A/G,C,C,T,C,A,G,A,C,T,A,T,G,G,G,T,C,A,A,G,C,G,T,A,C,T,C/T,G/T,C/T,A/G,T,T,C,T
ABD-9442,C,G,T,G,A,G,A,G,C/T,A,C,T,A,A,A,C,C/T,A,A,G/T,A,A,G,C/T,C,T,A/C,A,G,A,C,T,A,C/T,G,G,G,T,C,A,A/G,G,C,G/T,G/T,C,C/G,C/T,T,G/T,C/T,A,C/T,G/T,C,T
ABD-9487,C/T,G,C/T,G,A,G,A,G,C,A/G,C,T,A,A,A,C,T,A,A/G,T,A,A,A/G,C,C,T,C,A,G,A,C,T,A,T,A/G,G,G,T,C,A/G,G,G,C,G/T,T,C,C,T,T,G/T,C/T,A/G,C/T,T,C,T
ABD-9488,C/T,G,T,A/G,A,G,A,G,C/T,A,C,T,A,A,G,C,T,A,A/G,T,A,A,G,C/T,C,T,A/C,A,G,A,C,T,A/G,C/T,A/G,A,A/G,T,C,A/G,A/G,G,C,G/T,T,A/C,G,C/T,T,G/T,C,A,C/T,T,C,T
ABD-9489,C,A/G,T,A/G,A,G,A,G,C,G,C,T,A,A,G,C,C,A,A,T,A,A,G,C/T,C,T,C,A,A,A,C,T,A,C/T,G,G,G,T,C,A,A/G,G,C,T,T,A/C,C,T,T,G,T,A/G,T,G/T,C,T
ABD-9490,C,G,T,G,A,G,A,G,C/T,A,C,C/T,A,A,G,C,C/T,A,A,G/T,A,A,G,C/T,C,T,C,A,G,A,C,C/T,A,T,G,G,G,T,C,A,A/G,G,C,T,T,A/C,C,C,T,G/T,C/T,A,C/T,G/T,C,T
ABD-9491,T,G,T,A/G,A,G,A,G,C,A/G,C,C/T,A,A,G,C,C,A,A,G/T,A,A,A/G,C/T,C,T,A/C,A,G,A,C,T,A,T,G,A/G,G,T,C,A,G,G,C,G/T,T,A/C,C/G,C/T,T,G/T,C,A,T,G,C,T
ABD-9492,C/T,G,T,G,A,G,A,G,C/T,A,C,T,A,A,G,C,C/T,A,A,T,A,A,G,C/T,C,T,C,A,G,A,C,T,A,C/T,G,G,G,T,C,A,A/G,G,C,G/T,T,A/C,C,C/T,T,G,C/T,A/G,C,G/T,C,T
ABD-9493,C,G,C/T,G,A,G,A,G,C/T,A/G,C,C/T,A,A,A,C,C/T,A,A,G/T,A,A,G,C/T,C,T,C,A,A/G,A,C,T,A,C/T,G,G,G,T,C,A,A/G,G,C,G/T,T,A/C,G,C/T,T,G/T,C/T,A,T,T,C,T
ABD-9494,C,G,C/T,G,A,G,A,G,C/T,A/G,C,T,A,A,A/G,C,C,A,A,T,A,A,G,C,C,T,A/C,A,G,A,C,T,A,T,G,A/G,G,T,C,A,A/G,G,C,T,T,A/C,C/G,T,C/T,T,T,A,T,G/T,C,T
ABD-9495,C,G,T,A/G,A,G,A,G,C,A,C,T,A,A,A,C,T,A,A,G/T,A,A,G,T,C/T,T,A/C,A,G,A,C,T,A,T,A/G,G,G,T,C,A/G,A/G,G,C,G,T,A,C/G,C/T,T,T,C/T,A,C/T,G/T,C,T
ABD-9496,C,A/G,T,A/G,A,G,A,G,C,A/G,C,T,A,A,A/G,C,T,A,A,G/T,A,A,A/G,C/T,C,T,A/C,A,A/G,A,C,C/T,A,T,G,G,G,T,C,A,A/G,G,C,G,T,A,G,T,T,G/T,C,A,C/T,G,C,T
ABP-9083,C,G,T,G,A,G,A,G,C,A,C,C/T,A,A,G,C,T,A,A,G/T,A/G,A,G,C,C,C/T,A/C,A,A/G,A,C,C/T,A,T,G,A/G,G,T,C,A,A/G,G,C,G,G/T,A,G,T,T,G/T,T,G,C/T,G/T,C,T
ABP-9084,C/T,A,T,A/G,A,G,A,G,C,A,C,T,A,A,A/G,C,C,A,A/G,G/T,A,A,A/G,C,C,T,A/C,A,A/G,A,C,C/T,A,C/T,G,G,G,T,C,A,G,G,C,G,T,A,C/G,T,C/T,T,C/T,A,C/T,G,C,T
ABP-9085,C,A/G,T,A/G,A,G,A,G,C,A,C,T,A,A/G,A/G,C,T,A,A/G,G,A,A,G,C,C,T,A/C,A,A/G,A,C,C/T,A,T,G,G,G,T,C,A,A/G,G,C,G/T,G,A,G,C/T,T,G/T,T,G,C,G/T,C/T,T
ABP-9086,C,A/G,C/T,A/G,A,A/G,A,G,C,A,C,T,A,A,A/G,C,C/T,A/T,A/G,T,A,A,G,C,C,T,C,A,A/G,A,C,C,A/G,C/T,G,G,A/G,T,C,A,G,G,C,G,G/T,A,G,C/T,C/T,G/T,C/T,A/G,C/T,T,C,T
ABP-9087,C,A/G,T,G,A,G,A,G,C,A,C,T,A,G,A,C,C/T,A,A/G,G/T,A,A,G,C,C,T,C,A,A,A,C,C/T,A,C,G,G,G,T,C,A,A/G,G,C,G,G/T,A/C,G,C/T,T,G/T,C/T,G,C/T,G/T,C,T
ABP-9088,C,G,T,A,A,G,A,G,C,A/G,C,T,A,A/G,A,C,T,A,A,T,G,A,A/G,C,C/T,T,C,A,A,A,C,C/T,A,C,G,G,G,T,C,A,G,G,C,G,T,A,G,T,T,T,T,A/G,T,T,C/T,T
ABP-9089,C,A/G,T,A,A,G,A,G,C,A,C,T,A,A,G,C,T,A,A/G,T,A/G,A,A/G,C/T,C,T,A/C,A,A/G,A,C,T,A,T,G,A/G,G,T,A/C,A,A/G,G,C,G/T,T,A,G,C,T,G/T,T,A/G,C/T,T,C,T
ABP-9090,C,G,T,A/G,A,G,A,G,C,A,C,T,A,A,G,C,C,A,A,T,A,A,A/G,C,C,T,A/C,A,A,A,C/T,C/T,A,C/T,G,G,G,T,C,A,A/G,G,C,G/T,T,A,G,T,C/T,G,C/T,A,C,G/T,C,T
ABP-9091,C,A/G,C/T,A/G,A,G,A,G,C,A/G,C,T,A/T,A,A,C,C/T,A,G,G/T,A,A,A/G,C,C,C/T,A/C,A,A/G,A,C,C/T,A,C/T,G,G,G,T,C,A,G,G,C,G/T,T,A,G,T,T,T,C/T,A,C/T,T,C,T
ABP-9092,C,G,T,A,A,G,A,G,C,A/G,C,T,A,A/G,A,C,C,A,A,G,A,A,G,C/T,C,C/T,C,A,G,A,C,T,A,C/T,G,G,A/G,T,C,A,A/G,G,C,G/T,G/T,A,G,C,T,G/T,T,A/G,C/T,T,C,T
ABP-9094,C,G,T,A,A,G,A,G,C,A,C,T,A,A,A/G,C,T,A,A/G,T,A,A,G,C,C,T,A,A,A,A/G,C/T,T,A,T,G,G,G,T,C,A,A/G,G,C,G,T,A,G,C/T,T,T,T,A,C,T,C,T
ABP-9095,C,A/G,T,A,A,G,A,G,C,A,C,T,A,A,A,C,T,A,G,G/T,A/G,A,G,C,C,T,C,A,A,A,C,C/T,A,C/T,G,G,G,T,C,A,G,G,C,G,G/T,A,G,T,C/T,T,T,A/G,C/T,G/T,C,T
ABP-9239,C,G,T,A,A,G,A,G,C,A,C,T,A,A/G,A,C,C/T,A,A,G,A,A,A/G,C,C,T,A/C,A,A/G,A,C,C/T,A,T,G,G,G,T,C,A,G,G,C,G,T,A,G,C,T,T,T,A,C/T,T,C,T
ABP-9240,C,A,T,A,A,G,A,G,C,A,C,T,A,A,A/G,C,C/T,A,A/G,G/T,A,A,A/G,C,C,C/T,A/C,A,G,A,C,C/T,A,C/T,G,G,G,T,C,A,G,G,C,G/T,G/T,A,G,C/T,C/T,G/T,T,A/G,T,T,C,T
ABP-9241,C,A/G,T,A/G,A,G,A,G,C,A,C,T,A,A,G,C,C,A,A/G,T,A,A,A/G,C,C,T,C,A,A,A,C,T,A,T,G,G,A/G,T,C,A,A/G,G,C,G/T,T,A,G,C/T,C/T,T,T,A,T,G,C,T
ABP-9242,C,G,T,A,A,G,A,G,C,A/G,C,T,A,A,A,C,C/T,A,A/G,G/T,A/G,A,A,C,C,C/T,A/C,A,A/G,A,C,T,A,T,G,G,A/G,T,C,A,A/G,G,C,G,T,A,G,C,C/T,T,T,A/G,C/T,T,C,T
ABP-9243,C,A,T,A/G,A,G,A,G,C,A/G,C,T,A,A,A,C,C/T,A,A,G/T,A,A,A/G,C/T,C,T,C,A,A,A,C,T,A,C/T,G,G,A/G,T,C,A,A/G,G,C,G,T,A,G,C,T,G,T,A,C/T,T,C,T
ABP-9244,C,A/G,T,A,A,G,A,G,C,A/G,C,T,A,A,G,C,C,A,A,T,A,A,A/G,C,C,T,C,A,A/G,A,C,C/T,A,T,G,A/G,A/G,T,C,A,A/G,G,C,T,T,A,G,C/T,T,T,C/T,A,C/T,G/T,C,T
ABP-9245,C,A/G,T,A/G,A,G,A,G,C,A,C,C/T,A,A,G,C,C/T,A,A,G/T,A,A,G,C,C,T,A/C,A,A/G,A,C,T,A,T,G,G,A/G,T,C,A/G,A,G,C,G,T,A,G,C/T,C/T,G/T,T,A,C,G/T,C,T
ABP-9246,C,G,C/T,A/G,A,G,A,G,C,G,C,C/T,A,A,A/G,C,C/T,A,A,T,A,A,G,C,C,C/T,A/C,A,A,A,C,T,A,T,G,G,G,T,C,A,A,G,C,G/T,T,A,C/G,C/T,T,G/T,C/T,A,C,T,C,T
ABP-9247,C,A/G,T,G,A,G,A,G,C,A/G,C,T,A/T,A,G,C,T,A,A,T,A,A,G,C,C,T,A/C,A,G,A,C,C/T,A,T,G,G,G,T,C,A,A,G,C,T,T,A,G,C/T,C/T,T,T,A/G,C,G,C,T
ABP-9248,C,A,T,A,A,G,A,G,C,G,C,T,A,A/G,A/G,C,C/T,A,A/G,T,A,A,A/G,C,C,C/T,C,A,A,A,C,C,A,T,G,G,G,T,C,A,A/G,G,C,G,G/T,A,G,T,T,T,T,A,C/T,T,C,T
ABP-9249,C,A/G,T,A,A,G,A,G,C,A/G,C,C/T,A,A,A/G,C,T,A,A,G/T,A,A,G,C/T,C,C,A/C,A,A,A,C,C/T,A,T,G,G,A,T,C,A,A/G,G,C,G/T,T,A,G,C/T,C/T,G,C/T,G,C,G/T,C,T
ABP-9252,C,A,T,A,A,G,A,G,C,A/G,C,T,A,A,A/G,C,C/T,A,A,T,A,A,A,C,C,C/T,A/C,A,A/G,A,C,C/T,A,T,G,G,G,T,C,A,A/G,G,C,T,T,A,G,C/T,T,T,T,G,C/T,G/T,C,T
ABP-9253,C,A/G,T,A/G,A,G,A,G,C,A/G,C,T,A,A,G,C,C,A,A,G/T,A,A,G,C,C/T,C,C,A,A/G,A,C,C/T,A,C,G,G,G,T,C,A,A/G,G,C,T,T,A,G,C/T,T,T,T,A/G,C/T,G/T,C,T
ABP-9254,C,A,T,A,A,G,A,G,C,A,C,T,A,A,G,C,C/T,A,A/G,G/T,A,A,G,C,C,C/T,A/C,A,A/G,A,C/T,T,A,C/T,G,G,G,T,C,A,A/G,G,C,G/T,G/T,A,G,T,T,T,T,A,C/T,G/T,C,T
ABP-9255,C,G,T,G,A,G,A,G,C,A,C,T,A,A,G,C,C/T,A,G,G,A/G,A,G,C,C,T,A,A,A/G,A,C,T,A,T,G,G,G,T,C,A,A,G,C,T,T,A,G,T,C/T,G/T,C/T,G,C/T,T,C,T
ABP-9256,C,G,T,A/G,A,G,A,G,C,A/G,C,C/T,A,A,A/G,C,C/T,A,A/G,G,A,A,G,C,C,C/T,A/C,A,A/G,A,C,T,A,C/T,G,G,A/G,T,C,A,A/G,G,C,G/T,T,A,G,C/T,T,T,T,A,C/T,G,C,T
ABP-9257,C,A/G,T,A/G,A,G,A,G,C,A,C,T,A,A,A,C,T,A,A,T,A,A,A/G,C/T,C,C,A/C,A,A/G,A,C,T,A,C/T,G,G,G,T,C,A,A/G,G,C,G/T,T,A,G,C/T,T,G,T,A/G,C/T,G/T,C,T
ABP-9258,C,A/G,T,A,A,G,A,G,C,A/G,C,T,A,A,A/G,C,C/T,A,A/G,T,A,A,A/G,C,C/T,C,C,A,A/G,A,C,T,A,C/T,G,G,G,T,C,A,A/G,G,C,T,G/T,A,G,C/T,T,G/T,T,A,T,G,C,T
AGK-9457,C,A/G,T,A/G,A,G,A,G,C,A,C,T,A,A,A,C,C/T,A,A/G,G/T,A,A,G,C,C/T,C/T,A/C,A,A/G,A,C,C/T,A,C/T,G,G,G,T,C,A,G,G,C,G,T,A,G,C/T,C/T,T,T,G,C/T,G/T,C,T
AGK-9458,C,G,C/T,A/G,A,G,A,G,C,A/G,C,C/T,A,A,A,C,T,A,A,G/T,A,A,A/G,C,C,T,C,A,G,A,C,C/T,A/G,C,G,G,G,T,C,A,A,G,C,G,G/T,A,C/G,C/T,T,T,T,A/G,T,T,C,T
AGK-9459,C,A/G,C/T,A/G,A,G,A,G,C,A/G,C,T,A,A/G,G,C,T,A,A/G,T,A,A,G,C,C,T,A/C,A,G,A,C/T,T,A,T,G,G,A/G,T,C,A,G,G,C,G,T,A,G,T,T,G/T,C/T,A,C,G/T,C,T
AGK-9460,C,A/G,T,A/G,A,G,A,G,C,G,C,T,A,A,A/G,C,T,A,A,T,A,A,A/G,C,C,C/T,C,A,A,A,C,T,A,T,G,G,G,T,C,A,A/G,G,C,G,G/T,A,C/G,C,T,G/T,T,G,C/T,G/T,C,T
AGK-9463,C/T,A/G,T,A,A,G,A,G,C,A,C,C/T,A,A,A,C,T,A,A,T,A/G,A,G,C,C/T,T,C,A,A/G,A,C,T,A,C/T,G,G,G,T,C,A,A/G,G,C,G,T,A,G,C/T,C/T,G/T,C/T,A/G,C,G/T,C,T
AGK-9464,C,A,T,A,A,G,A,G,C,A/G,C,C,A,A,A/G,C,C/T,A,A/G,G/T,A/G,A,G,C,C,T,C,A,A,A,C/T,C/T,A,C/T,G,G,G,T,C,A,A,G,C,G,T,A,G,C/T,T,G/T,T,A,C,T,C,T
AGK-9465,C,G,T,G,A,G,A,G,C,A,C,T,A,A/G,A,C,T,A,G,T,A,A,A/G,C,C,T,C,A,A,A,C,T,A,T,G,G,G,T,C,A,G,G,C,G/T,T,A,G,T,C/T,T,T,A/G,C/T,G,C,T
AGK-9466,C,G,T,G,A,G,A,G,C,A,C,T,A,A,A,C,T,A,A,G/T,A,A,A/G,C,C,C/T,C,A,A,A,C,C/T,A,C/T,G,G,G,T,C,A,G,G,C,G,G/T,A,C/G,C/T,T,T,T,A/G,C/T,T,C,C/T
AGK-9467,C,A/G,T,A,A,G,A,G,C,A,C,T,A,A,A,C,C/T,A,A,G/T,A,A,A/G,C,C,T,C,A,A/G,A,C,C,A,C/T,G,G,G,T,C,A,A/G,G,C,G,G/T,A,C/G,T,T,G/T,C/T,A,C/T,T,C,T
AGK-9468,C,A/G,T,A/G,A,G,A,G,C,A/G,C,T,A,A,A,C,T,A,G,G,A,A,G,C,C,T,C,A,A,A,C,T,A,C/T,G,G,A/G,T,C,A,A/G,G,C,G,T,A,G,T,C/T,T,T,A/G,C/T,G/T,C,T
AGK-9470,C,A/G,C/T,A/G,A,G,A,G,C,A/G,C,T,A,A,A/G,C,T,A,G,T,A,A,A/G,C,C,T,C,A,A,A,C/T,T,A,C/T,G,G,A/G,T,C,A,G,G,C,G/T,G/T,A/C,C/G,C/T,T,G/T,C,A/G,C,T,C,T
AGV-9289,C,A/G,T,A/G,A,G,A,G,C,A/G,C,C,A,A,G,C,T,A,A/G,G/T,A,A,A/G,C,C,T,C,A,A,A,C,C/T,A,T,G,G,A/G,T,C,A,G,G,C,G/T,T,A,C/G,C/T,T,G/T,T,A,C/T,G/T,C,T
AGV-9290,T,G,C/T,A,A,A/G,A,G,C,A,C,C/T,A,A/G,A,C,C/T,A/T,A,G/T,A,A,A/G,C,C,C/T,C,A,A,A,C,C,A,C/T,G,G,G,T,C,A,A,G,C,G,T,A,G,C/T,T,T,T,G,C/T,G/T,C,T
AGV-9291,C/T,A,T,A,A,G,A,G,C,A/G,C,C/T,A,A,A/G,C,T,A,A/G,T,A,A,G,C,C,T,C,A,A,A,C,T,A/G,C,G,G,G,T,C,A,G,G,C,G,G/T,A/C,C/G,C/T,C/T,G,T,A,C,T,C,T
AGV-9292,C/T,A/G,T,A/G,A,G,A,G,C,A,C,C/T,A,A,G,C,T,A,A/G,T,A,A,A/G,C,C/T,T,C,A,A,A,C,C,A,C/T,G,G,A/G,T,C,A,A,G,C,T,T,A,G,C/T,T,T,C,A,C/T,T,C/T,T
AGV-9293,C,A/G,T,A/G,A,G,A,G,C,G,C,T,A,A,A/G,C,C/T,A,A,G/T,A,A,G,C,C,C/T,A,A,G,A,C/T,C/T,A,T,G,A/G,G,T,C,A,A/G,G,C,G/T,G/T,A,G,C,T,T,C/T,G,C,G/T,C,T
AGV-9294,C,A,C/T,A/G,A,G,A,G,C,A,C,T,A,A,G,C,T,A,A,T,A,A,A/G,C,C/T,T,A/C,A,A/G,A,C,C,A/G,C/T,G,G,G,T,C,A,G,G,C,G,T,A,G,T,C/T,G/T,C,A/G,C,T,C,T
AGV-9295,C,A/G,T,A,A,G,A,G,C,A/G,C,T,A,A,G,C,C/T,A,A/G,T,A/G,A,A/G,C,C,C/T,C,A,A,A,C/T,NA,G,C,G,G,A,T,C,A,G,G,C,G,T,A,G,C/T,T,G/T,T,G,C,T,T,T
AGV-9296,T,A/G,T,G,A,G,A,G,C,A,C,T,A,A/G,A,C,T,A,A,T,A,A,A/G,C,C,T,C,A,A/G,A,C,T,A/G,C/T,G,G,G,T,C,A/G,G,G,C,G/T,T,A,C/G,T,T,G/T,T,A,C/T,G/T,C,T
AGV-9297,C,A,T,A/G,A,G,A,G,C,A,C,T,A,A,G,C,C,A,G,T,A,A,G,C,C/T,C,C,A,A,A,C,T,A,C,G,G,A/G,T,C,A,G,G,C,G,T,A,G,C/T,T,G/T,T,A/G,T,G/T,C,T
AGV-9298,C/T,A/G,T,A/G,A,G,A,G,C,A/G,C,T,A,A,A/G,C,T,A,A/G,G,A,A,G,C,C,C/T,C,A,A,A,C,T,A,T,G,G,G,T,C,A/G,G,G,C,G/T,T,A/C,G,C,T,T,T,A,C/T,T,C/T,T
AGV-9299,C/T,A/G,C/T,A,A,G,A,G,C,A,C,T,A,A,G,C,C,A,A,T,A/G,A,A/G,C,C,T,C,A,A,A,C,C,A,C,G,G,G,T,C,A,G,G,C,G/T,T,A,G,C/T,T,G/T,T,A/G,C,G,C,T
AGV-9300,C,A/G,C/T,A,A,G,A,G,C,A,C,T,A,A,A/G,C,T,A,A,G/T,A,A,G,C,C,C/T,A/C,A,A,A,C,T,A,C,G,G,A/G,T,C,A,G,G,C,G/T,T,A,G,C,T,T,T,A,C/T,G/T,C,T
AGV-9301,C,G,T,A/G,A,G,A,G,C,A/G,C,T,A,A,G,C,T,A,G,T,A,A,A/G,C,C,C/T,C,A,A/G,A,C/T,T,A,T,G,G,G,T,C,A/G,A,G,C,G,T,A,C/G,T,T,T,T,A/G,T,T,C,T
AGV-9302,C,A,T,A,A,G,A,G,C,A,C,T,A,A,A/G,C,C/T,A,A,T,A,A,A/G,C,C,C,A/C,A,A/G,A,C,T,A/G,T,G,G,G,T,C,A,G,G,C,G/T,T,A,G,C/T,T,T,C/T,A,T,G/T,C,T
AGV-9303,C/T,A/G,T,A/G,A,G,A,G,C,G,C,T,A,A,A/G,C,T,A,A/G,T,A,A,A/G,C,C,C/T,A/C,A,A/G,A,C,C/T,A,T,G,G,G,T,C,A,A,G,C,G/T,T,A,C/G,C/T,C/T,T,T,G,C/T,T,C,T
AGV-9304,C,A/G,T,G,A,A/G,A,G,C,A,C,C/T,A,A,A/G,C,C/T,A/T,A,T,A,A,G,C,C,C/T,C,A,A,A,C,T,A/G,C,G,G,A/G,T,C,A,A/G,G,C,G,T,A,G,C/T,T,T,C/T,A/G,C,G/T,C,T
ALJ-6484,C,G,C,A/G,A,G,A,G,C,A/G,C,C/T,A,A/G,G,C,C/T,A,A/G,T,A,A,G,C,C,T,A/C,A,G,A,C,C,A/G,C/T,G,G,A/G,T,C,A,G,G,C,G,T,A,G,C/T,C/T,T,T,A/G,C,T,C,T
ALJ-6485,C/T,G,T,A,A,G,A,G,C,G,C,C/T,A,A,A,C,C,A,A,T,A,A,G,C,C,T,C,A,A,A,C,C/T,A/G,C/T,G,G,A,T,C,A,G,G,C,G,T,A,G,T,T,T,T,G,C/T,T,C,T
ALJ-6493,C,G,C,A/G,A,G,A,G,C,A,C,T,A,A/G,A,C,C/T,A,A,G/T,A/G,A,G,C,C,T,A/C,A,A,A,C,C,A/G,C/T,G,G,G,T,C,A,G,G,C,G,T,A,G,C/T,C/T,T,T,A,C,G/T,C,T
ALJ-6498,C,G,T,A,A,G,A,G,C,A/G,C,T,A,G,A/G,C,T,A,A,G/T,G,A,G,C,C,T,C,A,A,A,C,C/T,A,C,G,G,G,T,C,A,G,G,C,G,T,A,G,C/T,C/T,G/T,T,A,C,G/T,C,T
ALJ-6499,C,G,T,A,A,G,A,G,C,G,C,C/T,A,A/G,A/G,C,T,A,A,G,A,A,A,C,C/T,T,A/C,A,A,A,C,C,A,C/T,G,G,A,T,C,A,A,G,C,G,T,A,G,T,C/T,T,T,A,C,G/T,C,T
ALJ-6500,C,A/G,T,A/G,A,G,A,G,C,G,C,T,A,A/G,A,C,C,A,A/G,G/T,A,A,A/G,C,C,T,A/C,A,A/G,A,C,C/T,A,C/T,G,G,G,T,C,A,G,G,C,G,T,A,G,T,T,T,T,A/G,C,T,T,T
ALJ-6504,C,A/G,C,G,A,G,A,G,C,G,C,T,A,A/G,A/G,C,C/T,A,A/G,G/T,A/G,A,G,C,C,T,C,A,A/G,A,C,T,A,C,G,G,A,T,C,A,G,G,C,G,G/T,A,G,T,T,T,T,A,C,T,C,T
ALJ-6508,C,A/G,T,A/G,A,G,A,G,C,A/G,C,T,A,A,G,C,C/T,A,A/G,T,A,A,G,C,C,T,C,A,A,A,C,T,A,C,G,G,G,T,C,A,G,G,C,G,T,A,G,T,C/T,G/T,T,A,C/T,G/T,C,T
ALJ-6510,C,A,C/T,A,A,G,A,G,C,G,C,C/T,A,A,G,C,T,A,A/G,G/T,A/G,A,G,C,C,T,A/C,A,A/G,A,C,C,A,C/T,G,G,A,T,C,A,G,G,C,G,T,A,G,C/T,T,T,T,A,C,T,C,T
ALJ-6511,C,A/G,C/T,G,A,G,A,G,C,A/G,C,T,A,A,A/G,C,C/T,A,A/G,G/T,A/G,A,A/G,C,C,C/T,C,A,A/G,A,C,C/T,A,C,G,G,A/G,T,C,A,A/G,G,C,G,T,A,G,T,T,T,T,A,C/T,G/T,C/T,T
ALJ-6512,C,A/G,C/T,A/G,A,G,A,G,C,A/G,C,T,A,A/G,A/G,C,C,A,A/G,G/T,A,A,A/G,C,C,T,C,A,A,A,C,C,A,C,G,G,A/G,T,C,A,G,G,C,G/T,T,A,G,C/T,C/T,G/T,T,A/G,C,T,C,T
ALJ-6513,C,A,C/T,G,A,G,A,G,C,G,C,T,A,A/G,G,C,T,A,A/G,G/T,A,A,G,C,C,T,C,A,A,A,C,C/T,A,C,G,G,G,T,C,A,G,G,C,G,T,A,G,T,T,G/T,T,A,C,T,C,T
ALJ-6514,C,A/G,C/T,A/G,A,G,A,G,C,A/G,C,C/T,A,A/G,A/G,C,T,A,A/G,G/T,A,A,A/G,C,C,C/T,C,A,A,A,C,C/T,A,C,G,G,A/G,T,C,A,A/G,G,C,G,T,A,G,C,T,G/T,T,A,C/T,T,C,T
ALJ-6518,C,A/G,T,A,A,G,A,G,C,A,C,T,A,A/G,G,C,T,A,A,G/T,A,A,G,C,C,C/T,C,A,A,A,C,C/T,A,C,G,G,A/G,T,C,A,A/G,G,C,G,T,A,G,T,C/T,T,T,A,C,T,C,T
ALJ-6521,C,G,C,G,A,G,A,G,C,G,C,T,A,G,A/G,C,C/T,A,A,T,G,A,G,C,C,C/T,C,A,A,A,C,T,A,C,G,G,G,T,C,A,G,G,C,G,G/T,A,G,T,T,G/T,T,A/G,C,T,C,T
ALJ-6522,C,A/G,T,A,A,G,A,G,C,A,C,C/T,A,A/G,G,C,C/T,A,G,G/T,A/G,A,G,C,C,T,A/C,A,A,A,C,C,A,C/T,G,G,A/G,T,C,A,G,G,C,G,G/T,A,G,C,T,T,T,A,C,T,C,T
ALJ-6523,C,G,C,A/G,A,G,A,G,C,A,C,T,A,A,A,C,C,A,A,T,A,A,G,C,C,T,C,A,A,A,C,T,A,C,G,G,A,T,C,A,G,G,C,G,T,A,G,T,T,T,T,A/G,C,T,C,T
ALJ-6524,C,G,C/T,A/G,A,G,A,G,C,A,C,C/T,A,A/G,A/G,C,C,A,A,G/T,A/G,A,A/G,C,C,C/T,C,A,A,A,C,C/T,A/G,C,G,G,G,T,C,A,G,G,C,G,T,A,G,T,T,T,T,A,C,T,C,T
ALJ-6525,C,A/G,C/T,A,A,G,A,G,C,A,C,T,A,A,G,C,C/T,A,A/G,G/T,A,A,G,C,C,T,C,A,A/G,A,C,C/T,A/G,C,G,G,G,T,C,A,A/G,G,C,G,T,A,G,C/T,T,T,T,A/G,C,T,C,T
ALJ-6526,C,A/G,C/T,A,A,G,A,G,C,G,C,T,A,A/G,G,C,T,A,A,T,A,A,A/G,C,C,C/T,C,A,A/G,A,C,C/T,A/G,C,G,G,A/G,T,C,A,A/G,G,C,G,T,A,G,T,T,T,T,A,C,T,C,T
ALJ-6529,C/T,A/G,C/T,G,A,G,A,G,C,A,C,T,A,A,G,C,C/T,A,A,T,A,A,G,C,C,T,C,A,A,A,C,C/T,A/G,C,G,G,G,T,C,A,G,G,C,G,G/T,A,G,T,T,T,T,A,C,T,C,T
ALJ-6531,C,A/G,T,A,A,G,A,G,C,G,C,T,A,A,G,C,C/T,A,A/G,T,G,A,G,C,C,C/T,C,A,A/G,A,C,C,A/G,C,G,G,A/G,T,C,A,G,G,C,G,T,A,G,T,C/T,T,T,A,C,T,C,T
ALJ-6532,C/T,G,T,G,A,G,A,G,C,G,C,T,A,A,G,C,C/T,A,A,T,A,A,G,C,C,T,A/C,A,A,A,C,C,A,C/T,G,G,A/G,T,C,A,G,G,C,G,T,A,G,C/T,T,T,T,A/G,C,T,C,T
ALJ-6533,C,G,T,A/G,A,G,A,G,C,A,C,T,A,A,G,C,T,A,G,G/T,A,A,G,C,C,T,A,A,A,A,C,C,A,T,G,G,A,T,C,A,A/G,G,C,G,T,A,G,T,C/T,T,T,A/G,C/T,T,C,T
ALJ-6537,C,A/G,C/T,A/G,A,G,A,G,C,A/G,C,C/T,A,A,G,C,T,A,G,G/T,A,A,G,C,C,C/T,C,A,A,A,C,C/T,A,T,G,G,A/G,T,C,A,A/G,G,C,G,T,A,G,T,C/T,G/T,T,A,C,T,C,T
ALJ-6538,C/T,G,T,A/G,A,G,A,G,C,A/G,C,C/T,A,A,A/G,C,C/T,A,A/G,T,G,A,A/G,C,C,C,C,A,A,A,C,C,A/G,C/T,G,G,A/G,T,C,A,A,G,C,G,T,A,G,C/T,C/T,T,T,A/G,C,T,C,T
ALJ-6539,C,A/G,C/T,A,A,G,A,G,C,G,C,T,A,A/G,G,C,C/T,A,A,G/T,A,A,G,C,C,T,C,A,A,A,C,C/T,A,C,G,G,A/G,T,C,A,G,G,C,G,G/T,A,G,C/T,T,G/T,T,A,C,T,C,T
ALJ-6540,C,G,C/T,A,A,G,A,G,C,A/G,C,T,A,A,A/G,C,C/T,A,A,T,A/G,A,A/G,C,C,C/T,C,A,A,A,C,C/T,A,C,G,G,G,T,C,A,A/G,G,C,G,T,A,G,C/T,T,T,T,G,C,T,C,T
ALJ-6546,T,A/G,C/T,A,A,G,A,G,C,A/G,C,C,A,G,A,C,C/T,A,A,T,A,A,A/G,C,C/T,C/T,C,A,A,A,C,C/T,A/G,C/T,G,G,A,T,C,A,G,G,C,G,T,A,G,T,T,T,T,A,C,G/T,C/T,T
ALJ-6547,C,G,C/T,A/G,A,G,A,G,C,G,C,C/T,A,A,G,C,C,A,A/G,G,A,A,A/G,C,C,C,A/C,A,A/G,A,C,C/T,A/G,C/T,G,G,A/G,T,C,A,A,G,C,G,G/T,A,G,T,C/T,T,T,A/G,C,T,C,T
APF-9405,C,A,C/T,A,A,G,A,G,C,A,C,T,A,A,A/G,C,T,A,A/G,T,A/G,A,G,C,C/T,C/T,C,A,A/G,A,C,T,A,C/T,G,G,A/G,T,C,A,A,G,C,T,G/T,A,G,C,T,T,C/T,A/G,C/T,G/T,C,T
APF-9406,C,A,T,G,A,G,A,G,C,A,C,T,A,A,A/G,C,C/T,A,A,T,A,A,G,C,C,C/T,C,A,A/G,A,C,T,A,C,G,G,A/G,T,C,A/G,A/G,G,C,G,T,A,G,C/T,T,T,C/T,A,T,G/T,C,T
APF-9407,C,A,T,A/G,A,G,A,G,C,A,C,C/T,A,A,A/G,C,T,A,A/G,G/T,A,A,A,C,C,C/T,A/C,A,A/G,A,C,C/T,A/G,T,G,G,G,T,C,A,A,G,C,G,T,A,G,T,T,T,C/T,A,T,G/T,C,T
APF-9409,C,A/G,T,A/G,A,G,A,G,C,A/G,C,T,A,A,A,C,T,A,A,T,A,A,G,C,C,T,C,A,G,A,C,T,A/G,C/T,G,G,G,T,C,A,A,G,C,G,G/T,A,G,C/T,T,T,T,A,T,G,C,T
APF-9410,C,A/G,T,A/G,A,G,A,G,C,A,C,T,A,A,A/G,C,T,A,A,T,A,A,G,C,C/T,C/T,C,A,A/G,A,C,C/T,A/G,C/T,G,G,G,T,C,A,A/G,G,C,G/T,T,A,G,C/T,C/T,T,T,A/G,T,G/T,C,T
APF-9411,C,A,C/T,G,A,G,A,G,C,A/G,C,C/T,A,A,A/G,C,T,A,A,G,A,A,G,C,C,C,A/C,A,A/G,A,C,C/T,A,C/T,G,G,A,T,C,A/G,A,G,C,G,T,A/C,G,C/T,T,T,T,A/G,T,G,C,T
APF-9412,C,A,T,A/G,A,G,A,G,C,A/G,C,C/T,A,A,G,C,C/T,A,A/G,T,A,A,G,C,C,C,C,A,A,A,C,C,G,C/T,G,G,G,T,C,A,A/G,G,C,G,T,A,G,C/T,T,G/T,T,A,C/T,G/T,C,T
APF-9413,C,A,C/T,G,A,G,A,G,C,A,C,T,A,A/G,G,C,C/T,A,A,G/T,A,A,G,C,C,C/T,C,A,G,A,C,T,A,T,G,G,G,T,C,A,A,G,C,G,G/T,A,G,T,C/T,T,T,A,C/T,G,C,T
APF-9415,C,A/G,T,G,A,G,A,G,C,G,C,T,A,A,G,C,C,A,A,G/T,A,A,G,C,C,C,A/C,A,A/G,A,C,T,A,C/T,G,G,G,T,C,A,A,G,C,G/T,T,A,C/G,T,T,G,C/T,A/G,C/T,G/T,C,T
APF-9416,C,A,C/T,G,A,G,A,G,C,A/G,C,C/T,A,A,A/G,C,T,A,A/G,T,A,A,G,C,C,C,A,A,A/G,A,C,T,A,T,G,G,A/G,T,C,A,A,G,C,G,T,A,G,C/T,T,T,C/T,A/G,C/T,G/T,C,T
AQN-9324,C,A/G,C/T,A/G,A,G,A,G,C,A/G,C,T,A,A,A/G,C,C/T,A,A,T,A,A,G,C,C,C/T,C,A,A/G,A,C,C,A,T,G,G,A/G,T,C,A,G,G,C,T,T,A,G,C/T,T,T,C/T,A,C,G/T,C,T
AQN-9325,C/T,A/G,T,G,A,G,A,G,C,G,C,C/T,A,A,G,C,C/T,A,A,T,A,A,G,C,C,T,C,A,A,A,C,C/T,A,T,G,A/G,A/G,T,C,A,G,G,C,G/T,T,A,G,C,T,T,T,G,C/T,T,C,T
AQN-9326,C,A/G,C/T,G,A,G,A,G,C/T,A/G,C,T,A,A,A/G,C,C,A,A,T,A,A,G,C,C,C/T,C,A,G,A,C,T,A,C/T,G,G,G,T,C,A,G,G,C,G,T,A,G,C,T,T,T,A,C/T,G/T,C,T
AQN-9327,C,A/G,C/T,A,A,G,A,G,C,A/G,C,T,A,A,A,C,T,A,A,G/T,A,A,G,C,C,C,C,A,A,A,C/T,C/T,A,T,G,G,G,T,C,A,G,G,C,G,T,A,G,C/T,T,G/T,T,A,T,G/T,C/T,T
AQN-9328,C/T,G,T,G,A,G,A,G,C,A/G,C,T,A,A,A,C,T,A,A,T,A/G,A,G,C,C,T,C,A,A/G,A,C,T,A,C/T,G,G,A/G,T,C,A,G,G,C,G,T,A/C,G,C,C/T,T,C/T,A,C/T,G,C,T
AQN-9329,C/T,G,T,A/G,A,G,A,G,C,A/G,C,T,A,A,G,C,C/T,A,A/G,T,A,A,G,C,C,C,C,A,A/G,A,C,T,A,T,G,G,A/G,T,C,A,G,G,C,G,T,A,G,C/T,T,T,T,A,C,T,C,T
AQN-9331,C,G,T,A/G,A,G,A,G,C,A,C,T,A,A,G,C,C,A,A/G,G,A,A,G,C,C,T,A/C,A,A,A,C,C/T,A,C/T,G,A/G,G,T,C,A,A/G,G,C,G,T,A,G,C/T,T,T,T,A,T,G/T,C,T
AQN-9332,C,A,T,A/G,A,G,A,G,C,A/G,C,T,A,A,A/G,C,C,A,G,G/T,A/G,A,G,C,C,C/T,C,A,A,A,C,T,A/G,C/T,G,G,G,T,C,A,G,G,C,G,T,A,C/G,C/T,T,G/T,T,G,T,G/T,C,T
AQN-9344,C/T,A/G,T,A/G,A,G,A,G,C,A,C,T,A,A,A/G,C,C/T,A,A/G,G/T,A,A,G,C,C,C,A/C,A,A/G,A,C,T,A/G,T,G,G,G,T,C,A,G,G,C,G/T,T,A,G,C/T,T,G,C/T,A/G,C/T,T,C/T,T
AQN-9345,C,A,T,A,A,G,A,G,C,A/G,C,T,A,A,A/G,C,T,A,A,T,A,A,G,C,C,C/T,C,A,A,A,C/T,NA,A,T,G,G,G,T,C,A,A/G,G,C,G/T,T,A,C/G,C/T,T,T,C/T,G,T,G/T,C,T
AQN-9346,C/T,A/G,T,G,A,G,A,G,C,A,C,T,A,A/G,G,C,C,A,A,G/T,A,A,A/G,C,C,C/T,C,A,A/G,A,C,C/T,A,T,G,G,G,T,C,A,G,G,C,G,G/T,A,G,C,C/T,T,T,G,C/T,G/T,C,T
ATD-9160,C,A/G,C/T,A,A,G,A,G,C,G,C,T,A,A/G,A/G,C,T,A,A/G,T,A/G,A,A/G,C,C/T,T,A/C,A,A/G,A,C/T,T,G,C/T,G,G,A/G,T,C,A,G,G,C,G,T,A/C,G,C/T,T,G/T,T,A,C/T,G,C,T
ATD-9161,C,G,T,A,A,G,A,G,C,A/G,C,T,A,A,A/G,C,T,A,A/G,T,A,A,G,C,C,T,C,A,G,A,C,T,A,C/T,G,G,A/G,T,C,A,G,G,C,G,T,A,G,T,T,T,C/T,A,C/T,G,C,T
ATD-9162,C,A/G,T,A/G,A,G,A,G,C,A,C,T,A,A,A,C,C/T,A,A,T,A,A,G,C,C/T,T,C,A,A,A,C/T,C/T,A,T,G,G,A/G,T,C,A,G,G,C,G,T,A/C,G,C/T,C/T,G/T,C/T,A,C/T,T,C,T
ATD-9163,C,A/G,T,A/G,A,G,A,G,C,A/G,C,C/T,A,A,A,C,T,A,A/G,T,A,A,A/G,C,C,C/T,C,A,A,A,C,C/T,A,C/T,G,G,A/G,T,C,A,A/G,G,C,G/T,T,A,G,T,C/T,T,C/T,A,C,T,C,T
ATD-9164,C,A/G,T,A,A,G,A,G,C,A,C,C/T,A,A/G,A,C,T,A,A,T,A,A,G,C,C,C/T,C,A,A,A,C,T,A,C,G,G,A/G,T,C,A,G,G,C,G,G,A,G,C/T,T,G/T,T,A/G,C/T,G/T,C,T
ATD-9165,C,G,T,A/G,A,G,A,G,C,A/G,C,T,A,A/G,A,C,C/T,A,A/G,G,A,A,G,C,C,T,C,A,A,A,C/T,T,A,C,G,G,G,T,C,A,G,G,C,G,G/T,A,G,C/T,T,G/T,T,A,C/T,G/T,C,T
ATD-9166,C,G,T,A/G,A,G,A,G,C,A/G,C,C/T,A,A/G,A/G,C,T,A,A,T,A,A,G,C,C,T,C,A,A,A,C,T,A,C,G,G,G,T,C,A,G,G,C,G,G/T,A,G,C/T,T,T,C/T,A,C,T,C,T
ATD-9168,C/T,G,T,A/G,A,G,A,G,C,A,C,T,A,A,A,C,T,A,A/G,T,A,A,G,C,C,T,A/C,A,A,A,C,C/T,A,C/T,G,G,A/G,T,C,A,A/G,G,C,G,T,A/C,G,C/T,T,T,T,A,T,G/T,C,T
ATD-9169,C,G,T,A/G,A,G,A,G,C,A/G,C,T,A,A,A/G,C,C/T,A,A,T,A,A,G,C,C,T,C,A,A/G,A,C/T,C/T,A/G,C/T,G,G,A/G,T,C,A,A/G,G,C,G,G/T,A,G,C/T,C/T,T,T,A,T,G,C,T
ATD-9172,C,A/G,T,A/G,A,G,A,G,C,A/G,C,T,A,A/G,A,C,T,A,A/G,T,A,A,G,C,C,T,C,A,A,A,C/T,C,A,C,G,G,A/G,T,C,A,G,G,C,G,T,A/C,G,C/T,T,T,C/T,A,T,T,C,T
ATD-9174,C/T,G,T,A/G,A,G,A,G,C,A,C,T,A,A/G,A/G,C,C/T,A,A,T,A,A,A/G,C,C,T,C,A,A,A,C,C/T,A/G,C/T,A/G,G,G,T,C,A/G,G,G,C,G/T,T,A/C,G,T,T,T,T,A,C/T,G/T,C,T
ATD-9175,C/T,G,T,A/G,A,G,A,G,C,A/G,C,T,A,A,A,C,T,A,A/G,T,A,A,G,C,C,T,C,A,A,A,C,C,A/G,C,G,G,A/G,T,C,A,A/G,G,C,G,T,A/C,G,C,C/T,T,T,A,C/T,G/T,C,T
ATD-9177,C,G,T,A/G,A,G,A,G,C,A/G,C,T,A,A/G,A/G,C,T,A,A/G,T,A,A,A/G,C,C,C/T,C,A,A/G,A,C/T,T,A/G,C,G,G,A/G,T,C,A,G,G,C,G,T,A/C,G,T,T,T,C,A/G,C/T,G,C,T
ATD-9178,C,G,T,A/G,A,G,A,G,C,A,C,T,A,A,A,C,C/T,A,A/G,T,A,A,G,C,C,T,C,A,A,A,C,C/T,A/G,C,G,G,A/G,T,C,A,G,G,C,G,T,A,G,T,T,T,C/T,A,C,T,C,T
ATD-9179,C,G,T,G,A,G,A,G,C,A/G,C,C/T,A,A/G,A/G,C,T,A,A,G/T,A,A,G,C,C/T,T,C,A,A,A,C,T,A/G,C,A/G,G,A,T,C,A/G,A/G,G,C,G,T,A,C/G,C,C/T,T,T,G,C,T,C,T
ATD-9180,C,A,C/T,G,A,G,A,G,C,A/G,C,C/T,A,A,A/G,C,T,A,A/G,T,A,A,G,C,C,T,C,A,A,A,C,T,A,C,G,G,G,T,C,A,G,G,C,G,T,A,G,T,T,T,T,A/G,C,G,C,T
ATKA-9137,C,A,T,A,A,G,A,G,C,A,C,T,A,A,A,C,T,A,A/G,T,A,A,A,C,C,T,A/C,A,A/G,A,C/T,C/T,A/G,C/T,A/G,G,G,T,C,A/G,A/G,G,C,G,T,A,C/G,T,T,G/T,T,A/G,C/T,G/T,C,T
ATKA-9138,C,G,C/T,A/G,A,G,A,G,C,A,C,T,A,A,A,C,T,A,A/G,G/T,A,A,A,C,C,C/T,C,A,NA,A,C/T,C,A,C,A/G,G,A,T,C,A/G,A/G,G,C,G,T,A,G,T,T,T,T,A/G,C/T,G,C,T
ATKA-9139,C,G,T,A/G,A,G,A,G,C,A,C,T,A,A,G,C,T,A,A,T,A,A,A/G,C,C,C/T,C,A,A,A,C,T,A/G,C,A/G,G,A/G,T,C,A/G,A/G,G,C,G,T,A,G,C/T,T,T,T,A/G,C/T,G/T,C,T
ATKA-9140,C,A,T,A/G,A,G,A,G,C/T,A,C,T,A,A,A/G,C,C/T,A,A/G,G/T,A,A,A/G,C,C,C/T,C,A,A,A,C,C/T,A/G,T,G,G,G,T,C,A,A/G,G,C,G,T,A,C,C/T,T,T,C/T,G,C/T,G/T,C,T
ATKA-9141,C,A/G,C/T,G,A,G,A,G,C,A/G,C,T,A,A,A/G,C,T,A,G,G/T,A,A,A/G,C,C,T,A/C,A,G,A,C,T,A,C,G,G,A/G,T,C,A,A/G,G,C,G,G/T,A,G,T,T,G/T,T,A/G,C/T,G/T,C,T
ATKA-9142,C,A/G,T,G,A,G,A,G,C/T,A/G,C,T,A,A,A,C,T,A,A,T,A,A,A/G,C,C,T,C,A,A,A,C,C/T,A,C/T,G,G,A,T,C,A,G,G,C,G,T,A,C/G,C/T,T,G/T,T,A,T,G/T,C,T
ATKA-9143,C,A,T,A,A,G,A,G,C,A,C,T,A,A,A,C,T,A,A,T,A,A,G,C,C,C/T,C,A,A/G,A,C/T,T,A,C/T,A/G,G,A/G,T,C,A/G,G,G,C,G,G/T,A,G,T,T,T,C/T,A/G,C/T,G/T,C,T
ATKA-9144,C,A,C/T,A/G,A,G,A,G,C,A/G,C,T,A,A,G,C,T,A,A/G,G/T,A,A,A/G,C,C,C/T,C,A,A/G,A,C,T,A/G,C,A/G,G,G,T,C,A/G,A,G,C,G,T,A,G,T,T,T,T,G,C/T,T,C,T
ATKA-9145,C,A,C/T,A,A,G,A,G,C/T,A/G,C,T,A,A,A,C,T,A,G,T,A,A,G,C,C,T,C,A,A,A,C,T,A,C/T,G,G,A/G,T,C,A,A/G,G,C,G,T,A,G,T,T,G/T,T,A/G,C,T,C,T
ATKA-9146,C,A,T,G,A,G,A,G,C,A/G,C,T,A,A/G,A,C,T,A,A,T,A,A,G,C,C,T,A/C,A,A/G,A,C,C/T,A,C/T,A/G,G,A,T,C,A/G,G,G,C,G,G/T,A,G,T,T,G,T,A/G,T,G/T,C,T
ATKA-9147,C/T,A/G,T,A,A,G,A,G,C,A,C,C/T,A,A,A,C,C/T,A,A,G/T,A,A,G,C,C,C/T,C,A,A,A,C,C,A/G,C,G,G,G,T,C,A,A/G,G,C,G/T,G,A,G,C/T,T,T,C/T,A,T,G/T,C,T
ATKC-9149,C,G,T,G,A,G,A,G,C,A/G,C,T,A,A,A,C,C/T,A,A,T,A,A,A,C,C,C/T,A/C,A,G,A,C,C,A/G,C/T,G,G,A/G,T,C,A,A/G,G,C,G/T,G/T,A,G,C,T,T,C,A/G,C/T,G,C,T
ATKC-9150,C,A/G,T,G,A,G,A,G,C,A/G,C,C/T,A,A,A/G,C,C/T,A,A,G,A,A,G,C,C,T,C,A,A,A,C,T,A,C/T,G,G,A/G,T,C,A,A,G,C,G,G/T,A,G,T,T,T,C,G,C/T,T,C,T
ATKC-9151,C,A/G,T,A/G,A,G,A,G,C/T,A/G,C,T,A,A,A,C,T,A,A,G/T,A,A,A/G,C,C,T,A/C,A,A,A,C,C,A/G,C,G,G,A,T,C,A,A/G,G,C,G,G/T,A,G,C/T,T,T,T,A,T,T,C,T
ATKC-9152,C,A,T,A/G,A,G,A,G,C,A/G,C,C/T,A,A,A,C,T,A,A,T,A,A,G,C,C,T,A/C,A,A,A,C,C,G,C/T,G,G,A/G,T,C,A,A/G,G,C,G,T,A/C,G,C/T,T,G/T,C/T,G,C,G/T,C/T,T
ATKC-9153,C,G,T,G,A,G,A,G,C,A,C,T,A,A,A,C,T,A,G,G/T,A,A,A/G,C,C,C/T,C,A,A/G,A,C,T,A/G,C/T,G,G,G,T,C,A,A,G,C,G/T,G/T,A,G,C/T,T,T,T,A/G,C,G,C,T
ATKC-9154,C,A/G,T,G,A,G,A,G,C,G,C,T,A,A,A,C,C/T,A,A/G,T,A,A,A/G,C,C,C/T,A/C,A,G,A,C,T,G,C,G,G,A/G,T,C,A,A/G,G,C,G,G/T,A,G,C/T,T,T,C/T,A/G,C/T,G,C,T
ATKC-9155,C,G,T,A/G,A,G,A,G,C,A,C,C/T,A,A,A/G,C,T,A,A/G,G,A,A,A/G,C,C,T,C,A,A,A,C,T,A,T,G,G,G,T,C,A,A/G,G,C,G,G/T,A,G,C,T,T,T,A,C,G/T,C,T
ATKC-9156,C,A/G,T,A/G,A,G,A,G,C,A,C,C,A,A/G,A/G,C,T,A,A,G/T,A,A,G,C,C,T,C,A,A,A,C,T,A,C/T,G,G,A,T,C,A,G,G,C,G/T,G/T,A,G,C/T,T,G/T,C/T,A,C/T,G/T,C,T
ATKC-9157,C,A/G,T,G,A,G,A,G,C,A/G,C,T,A,A,A/G,C,T,A,A,T,A,A,A/G,C,C,C/T,C,A,G,A,C,C/T,A/G,T,G,G,G,T,C,A,A/G,G,C,G,T,A,C/G,C,T,T,T,A/G,C/T,G/T,C,T
ATKC-9158,C,A,T,A,A,G,A,G,C,A/G,C,T,A,A,A/G,C,T,A,A/G,T,A,A,G,C,C,C/T,C,A,A,A,C,C/T,A,C/T,G,G,G,T,C,A,A,G,C,G,T,A,G,C/T,T,T,C/T,A,C/T,T,C,T
ATKC-9159,C,A/G,T,A/G,A,G,A,G,C,G,C,C/T,A,A,A,C,C/T,A,G,G/T,A,A,G,C,C,T,C,A,A/G,A,C,C/T,A/G,C,G,G,G,T,C,A,A,G,C,G/T,G/T,A,G,C/T,T,G,C/T,A,C/T,T,C,T
ATKG-9126,C,A/G,T,A,A,A/G,A,G,C/T,A/G,C,T,A,A,A,C,T,A/T,A/G,G,A,A,A/G,C,C,T,C,A,A/G,A,C,C/T,A,C/T,G,G,G,T,C,A,A/G,G,C,G,T,A,G,C/T,T,G,T,A,C,G/T,C/T,T
ATKG-9127,C,A/G,T,A/G,A,G,A,G,C,A/G,C,C/T,A,G,A,C,T,A,A,G,A,A,A/G,C,C,C,C,A,A,A,C,T,A,C,G,G,G,T,C,A,A/G,G,C,G,G/T,A,G,T,T,T,T,A/G,C,G,C,T
ATKG-9129,C,A,T,A/G,A,G,A,G,C,A/G,C,T,A,A,A,C,T,A,A/G,T,A,A,G,C,C,T,C,A,A,A,C,C/T,A/G,C,G,G,G,T,C,A,G,G,C,G,G/T,A,G,C/T,T,G/T,T,G,C/T,G/T,C,T
ATKG-9130,C/T,A,C/T,G,A,G,A,G,C,G,C,T,A/T,A/G,A/G,C,C/T,A,A,T,A,A,G,C,C,T,C,A,A/G,A,C,T,A,T,G,G,G,T,C,A,G,G,C,G,T,A,G,C/T,T,G,T,A/G,C,T,C,T
ATKG-9131,C,G,C/T,A/G,A,G,A,G,C,A,C,T,A,G,A/G,C,C/T,A,A,T,A,A,A/G,C,C,C/T,C,A,A/G,A,C,T,A,C/T,G,G,G,T,C,A,A/G,G,C,G,T,A,G,C/T,T,G/T,T,A,C,G/T,C,T
ATKG-9133,C,A/G,T,A/G,A,G,A,G,C,A/G,C,T,A,A,A/G,C,C/T,A,A/G,G/T,A,A,G,C,C,C/T,A/C,A,A,A,C,C/T,A,C/T,G,G,A,T,C,A,G,G,C,G,G/T,A,G,C/T,C/T,T,C/T,A,C/T,T,C,T
ATKG-9134,C,A,T,G,A,G,A,G,C,G,C,T,A,A,A/G,C,C/T,A,A/G,G/T,A,A,A/G,C,C,T,A/C,A,A/G,A,C,C/T,A,C/T,G,G,A,T,C,A,A/G,G,C,G/T,G,A,G,T,T,T,T,A,T,T,C,T
ATKG-9135,C,A/G,T,A/G,A,G,A,G,C,A/G,C,T,A,A,A/G,C,T,A,G,G/T,A,A,G,C,C/T,T,C,A,A/G,A,C,T,A,T,G,G,G,T,C,A,A,G,C,G,G/T,A,C/G,C/T,T,T,T,A,C,G,C,T
ATKG-9136,C,A/G,T,A/G,A,G,A,G,C,A,C,T,A,A,A,C,T,A,A/G,T,A,A,G,C,C,T,C,A,G,A,C,C,A/G,C,G,G,G,T,C,A,G,G,C,G,T,A,C/G,C/T,T,T,T,A/G,C,G/T,C,T
ATKI-9113,C,A/G,T,A/G,A,G,A,G,C,A/G,C,T,A,A,A,C,T,A,G,G/T,A,A,A/G,C,C/T,T,C,A,A,A,C/T,T,A,C,G,G,A/G,T,C,A,A/G,G,C,G,T,A,G,C/T,T,G/T,T,G,C,G/T,C,T
ATKI-9114,C,A,T,G,A,G,A,G,C/T,A/G,C,C/T,A,A,A,C,T,A,A/G,T,A,A,A,C,C,T,C,A,A/G,A,C,C/T,A,C/T,A/G,G,G,T,C,A/G,A/G,G,C,G,G,A,G,T,T,G,T,A/G,C/T,G/T,C,T
ATKI-9115,C,G,T,G,A,G,A,G,C,A/G,C,T,A,A/G,A,C,T,A,A/G,G/T,A,A,A/G,C,C/T,T,C,A,G,A,C,T,A,T,G,A/G,G,T,C,A,G,G,C,G,T,A,G,C/T,T,T,C/T,A,C,G,C,T
ATKI-9116,C,G,T,G,A,G,A,G,C,A/G,C,T,A,G,A,C,C/T,A,A/G,G/T,A,A,A/G,C,C,T,C,A,A/G,A,C,C/T,A,C/T,G,G,G,T,C,A,G,G,C,G,T,A,G,C/T,T,G,C/T,A,C/T,T,C,T
ATKI-9117,C,A,T,A/G,A,G,A,G,C,G,C,C/T,A,A,A,C,T,A,A/G,G/T,A,A,G,C,C,C/T,C,A,A,A,C,T,A,C/T,G,G,G,T,C,A,G,G,C,G/T,G,A,G,C/T,C/T,T,C,A/G,T,G/T,C,T
ATKI-9118,C,G,T,A/G,A,G,A,G,C/T,G,C,C/T,A,A,A,C,T,A,A/G,T,A,A,G,C,C/T,T,A/C,A,G,A,C/T,C/T,A/G,C,G,G,G,T,C,A,A/G,G,C,G,G/T,A,G,C/T,C/T,T,T,A,C/T,G/T,C,T
ATKI-9119,C,A/G,T,G,A,G,A,G,C,A/G,C,T,A,A/G,A/G,C,C/T,A,A/G,T,A,A,G,C,C,T,A/C,A,A/G,A,C,T,A,C/T,G,G,G,T,C,A,G,G,C,G,G,A,G,C/T,T,G,T,A,C/T,G/T,C/T,T
ATKI-9120,C,A/G,T,A/G,A,G,A,G,C/T,A/G,C,C/T,A,A,A,C,T,A,A/G,G/T,A,A,A/G,C,C,C/T,C,A,A,A,C,C/T,G,T,G,G,A/G,T,C,A,A/G,G,C,G,G/T,A,C/G,C/T,T,T,C/T,A/G,C/T,G,C/T,T
ATKI-9121,C,A/G,T,A/G,A,G,A,G,C,A/G,C,C/T,A,A,A,C,C/T,A,A/G,G/T,A,A,A/G,C,C,T,C,A,A,A,C,C/T,A/G,C/T,G,G,G,T,C,A,A,G,C,G,T,A,G,C/T,T,T,C/T,A,C,G/T,C/T,T
ATKI-9122,C,A/G,T,A/G,A,G,A,G,C,A,C,C/T,A,A,A,C,T,A,G,G,A,A,A/G,C,C,C/T,A/C,A,A,A,C,C/T,A,C/T,G,G,A,T,C,A,A/G,G,C,G,T,A,G,C/T,T,T,T,A/G,T,T,C,T
ATKI-9123,C,A/G,T,A/G,A,G,A,G,C,A,C,T,A,A,A,C,C/T,A,A/G,T,A,A,G,C,C/T,C/T,C,A,A/G,A,C,C/T,A,C,G,G,A/G,T,C,A,A,G,C,G,T,A,C/G,C/T,T,G/T,T,A/G,C/T,G/T,C,T
ATKQ-9097,C,G,T,G,A,G,A,G,C,A/G,C,T,A,A/G,A/G,C,T,A,A,G/T,A,A,G,C,C,T,C,A,A/G,A,C,T,A,C/T,G,G,A/G,T,C,A,A/G,G,C,G,G/T,A,C/G,T,T,T,T,A/G,C,G/T,C,T
ATKQ-9099,C,A/G,C/T,A,A,G,A,G,C,A/G,C,T,A,A,A,C,T,A,A,G/T,A,A,G,C,C/T,C/T,C,A,A/G,A,C,T,NA,C/T,G,G,A,T,C,A,A,G,C,G,G/T,A,G,T,T,T,T,G,C,G/T,C,T
ATKQ-9100,C,A,C/T,G,A,G,A,G,C/T,A/G,C,C/T,A,A,A,C,C/T,A,A,T,A,A,G,C,C/T,C/T,C,A,A/G,A,C,C,A,C,G,G,G,T,C,A,A/G,G,C,G,T,A,G,C/T,T,G/T,T,A/G,C,G/T,C,T
ATKQ-9101,C,A,T,A/G,A,G,A,G,C,A/G,C,T,A,A,A,C,T,A,A/G,G/T,A,A,A/G,C,C,T,A/C,A,A/G,A,C,T,A,C/T,G,G,A/G,T,C,A,G,G,C,G,G/T,A,G,T,T,T,T,A,T,G,C,T
ATKQ-9102,C,A/G,T,G,A,G,A,G,C,A/G,C,T,A,A,A,C,T,A,A,G/T,A,A,G,C,C,T,C,A,G,A,C,T,A/G,C/T,G,G,G,T,C,A,A/G,G,C,G,G/T,A,G,C/T,T,T,C/T,A,C,G/T,C,T
ATKQ-9103,C,A/G,T,A/G,A,G,A,G,C,A,C,T,A,A,A,C,T,A,G,T,A,A,G,C,C,T,A/C,A,A/G,A,C,C/T,A,C,A/G,G,G,T,C,A/G,A/G,G,C,G,G/T,A,G,C/T,T,T,C/T,A,C/T,G,C,T
ATKQ-9104,C/T,A/G,C/T,A/G,A,G,A,G,C,A/G,C,C/T,A,A,A,C,T,A,A/G,T,A,A,G,C,C/T,T,C,A,A/G,A,C,C/T,A,C,G,G,G,T,C,A,A,G,C,G,G/T,A,G,C/T,T,G/T,T,A,C,G/T,C,T
ATKQ-9105,C,A/G,T,A/G,A,G,A,G,C,A,C,C/T,A,A,A/G,C,C/T,A,G,T,A,A,G,C,C,T,C,A,A/G,A,C,C/T,A,C,G,G,G,T,C,A,A,G,C,G,T,A,C/G,T,T,T,T,A/G,C,T,C,T
ATKQ-9106,C,A/G,T,A/G,A,G,A,G,C,A,C,T,A,A,A,C,T,A,A/G,T,A,A,A,C,C,C/T,C,A,A/G,A,C,C/T,A/G,C/T,G,G,G,T,C,A,G,G,C,G,G/T,A/C,G,T,T,G,T,A/G,C/T,G/T,C,T
ATKQ-9108,C,A/G,T,A/G,A,G,A,G,C,G,C,T,A,A/G,A,C,T,A,A/G,T,A,A,G,C,C,C/T,A/C,A,G,A,C,T,A/G,C/T,G,G,G,T,C,A,G,G,C,G,G/T,A/C,G,C,T,G/T,T,G,C/T,T,C,T
ATKQ-9109,C,A,T,A/G,A,G,A,G,C,A/G,C,T,A,A,A/G,C,C/T,A,A/G,G/T,A,A,G,C,C,C,C,A,A/G,A,C,C/T,A,C/T,G,G,G,T,C,A,G,G,C,G,T,A,G,C,T,T,T,G,T,G/T,C,T
ATKQ-9110,C,A/G,T,A,A,G,A,G,C,A,C,C/T,A,A,A/G,C,T,A,A/G,T,A,A,A/G,C,C,T,A/C,A,A,A,C,C,A,C/T,G,G,A/G,T,C,A,A/G,G,C,G/T,T,A,G,T,C/T,G/T,T,A/G,C,G/T,C,T
ATKQ-9112,C,A/G,T,A/G,A,G,A,G,C,A,C,C/T,A,A/G,A,C,C,A,A,T,A,A,G,C,C,T,A/C,A,A/G,A,C,T,A,C/T,G,G,A/G,T,C,A,A,G,C,G,G,A,G,C/T,T,T,T,G,C,T,C,T
ATM-9214,C,A/G,T,A,A,G,A,G,C,A/G,C,T,A,A,A,C,C/T,A,A/G,T,A,A,G,C,C,C/T,C,A,A,A,C,C,A,C/T,G,G,G,T,C,A,G,G,C,G,G/T,A,G,C/T,C/T,T,T,A,C/T,T,C,T
ATM-9216,C,A/G,T,G,A,G,A,G,C,A/G,C,T,A,A,A,C,C,A,A,G,A,A,G,C,C,T,C,A,A/G,A,C,T,A,C,G,G,G,T,C,A,A/G,G,C,G,T,A/C,G,T,T,G/T,T,A/G,T,T,C,T
ATM-9217,C,A/G,T,A,A,G,A,G,C,G,C,T,A,A,A,C,T,A,A,G/T,A,A,G,C,C/T,T,C,A,G,A,C,C,A,T,G,G,G,T,C,A,G,G,C,G/T,T,A/C,G,T,T,T,T,A/G,C,T,C,T
ATM-9218,C,G,T,G,A,G,A,G,C,G,C/G,T,A,A/G,A,C,C/T,A,G,T,A,A,G,C,C,T,C,A,A,A,C,T,A,C,G,G,A/G,T,C,A,A/G,G,C,G/T,G/T,A,G,C/T,C/T,T,C/T,A/G,C,G/T,C,T
ATM-9219,C/T,G,C,A/G,A,G,A,G,C,A,C,T,A,A,G,C,T,A,A/G,G/T,A,A,G,C,C,C/T,C,A,A/G,A,C,C/T,A/G,C,G,G,G,T,C,A,A/G,G,C,G,T,A,G,C/T,C/T,G/T,T,A,C/T,G/T,C,T
ATM-9220,C,G,T,A/G,A,G,A,G,C/T,A,C,T,A,A,A/G,C,C/T,A,A/G,G/T,A,A,G,C,C,T,C,A,A/G,A,C,C/T,A/G,C/T,G,G,G,T,C,A,G,G,C,G/T,T,A,G,C,T,G/T,T,A,T,T,C,T
ATM-9221,C/T,A/G,C/T,A/G,A,G,A,G,C,A,C,T,A,A,A,C,C/T,A,A,G/T,A,A,G,C,C,T,C,A,A,A,C,T,A,C/T,A/G,G,G,T,C,A/G,G,G,C,G,T,A/C,G,C/T,T,T,T,A/G,C/T,G,C,T
ATM-9222,C,A/G,T,G,A,G,A,G,C/T,A,C,T,A,A,A,C,C/T,A,A,T,A,A,G,C,C,T,C,A,A/G,A,C,C/T,A,C/T,G,G,G,T,C,A,A,G,C,T,G/T,A,G,T,C/T,T,T,G,C/T,T,C,T
ATM-9223,C,G,T,A,A,G,A,G,C,A/G,C,T,A,A,A,C,C/T,A,A,T,A,A,G,C,C,T,C,A,A/G,A,C,C/T,A,C/T,G,G,A/G,T,C,A,A/G,G,C,G,T,A,C/G,T,T,T,T,A/G,C,G/T,C,T
ATM-9224,C,G,C/T,A/G,A,G,A,G,C,A/G,C,T,A,A,A/G,C,C/T,A,A/G,G/T,A,A,G,C,C,T,C,A,A,A,C,C,A,T,G,G,G,T,C,A,A/G,G,C,G/T,T,A/C,G,C,C/T,T,T,A/G,C,G/T,C,T
ATM-9225,C/T,G,C/T,G,A,G,A,G,C/T,A,C,T,A,A,A/G,C,C,A,A,G,A,A,A/G,C,C,T,C,A,A,A,C,NA,A,C/T,G,G,G,T,C,A,A/G,G,C,G,T,A/C,G,T,T,G/T,T,A/G,C,G,C,T
ATM-9226,C,G,C/T,A/G,A,G,A,G,C,G,C,T,A,A,A/G,C,C/T,A,A,T,A,A,G,C,C,C/T,C,A,A,A,C,C/T,A,C,G,G,A/G,T,C,A,A,G,C,G,T,A/C,C/G,C,T,G/T,T,A/G,C/T,T,C,T
ATT-9361,C,G,C/T,A,A,G,A,G,C,A,C,C,A,A,A,C,T,A,A/G,G/T,A/G,A,G,C,C,T,A/C,A,A/G,A,C,T,A,C/T,A/G,G,G,T,C,A/G,G,G,C,G,G/T,A,G,T,T,G/T,T,A,C/T,G/T,C,T
ATT-9362,C/T,A/G,C/T,A,A,G,A,G,C,A/G,C,T,A,A,A,C,C/T,A,A,G,A,A,G,C,C,T,C,A,A/G,A,C/T,C,A,C/T,G,G,G,T,C,A,G,G,C,G,T,A,G,T,T,T,T,A,C/T,T,C,T
ATT-9363,C,A,T,A,A,G,A,G,C,A/G,C,T,A,A,G,C,C/T,A,A/G,T,A,A,G,C,C,T,C,A,A,A,C,C/T,A,C/T,G,G,A/G,T,C,A,G,G,C,G,T,A,G,T,T,G/T,T,A,C,G,C,T
ATT-9364,C,A/G,T,A,A,G,A,G,C,A,C,T,A,A,A/G,C,C/T,A,G,G/T,A,A,G,C,C,T,A/C,A,A,A,C/T,C/T,A,T,G,G,G,T,C,A,G,G,C,G,G/T,A,G,C/T,T,G/T,T,A,C/T,T,C,T
ATT-9365,C,A/G,C/T,A,A,G,A,G,C,A/G,C,C/T,A,A,A,C,T,A,A/G,G/T,A/G,A,G,C,C,C/T,C,A,A/G,A,C,T,A,C,A/G,G,G,T,C,A/G,G,G,C,G,T,A/C,G,C/T,T,G/T,T,A,C/T,T,C,T
ATT-9366,C,A/G,T,A/G,A,G,A,G,C,A/G,C,C/T,A,A,A,C,C/T,A,A,G/T,A,A,A/G,C,C,C/T,C,A,A,A,C,C/T,A,T,G,G,A/G,T,C,A,G,G,C,G,G/T,A,G,C/T,T,G/T,T,A,C/T,T,C,T
ATT-9367,C,A/G,C/T,A,A,G,A,G,C,A/G,C,T,A,A,A,C,C/T,A,A/G,G/T,A,A,G,C,C/T,T,A,A,A,A,C/T,T,A/G,T,G,G,G,T,C,A,A/G,G,C,G,T,A,G,C/T,T,T,T,A/G,C,T,C,T
ATT-9368,C,A/G,C/T,A,A,G,A,G,C,A/G,C,T,A,A,A/G,C,C,A,A/G,G/T,A,A,G,C,C,T,C,A,A/G,A,C,NA,G,T,G,G,G,T,C,A,G,G,C,G,G/T,A,G,C/T,T,T,T,A,C,G/T,C,T
ATT-9369,C,A,C/T,A/G,A,G,A,G,C,A/G,C,T,A,A,A/G,C,T,A,G,G/T,A,A,G,C,C,C/T,A/C,A,A,A,C,T,A,C,G,G,G,T,C,A,G,G,C,G,T,A/C,G,T,C/T,G,T,A,C,G/T,C,T
ATT-9371,C/T,A,C,A,A,G,A,G,C,A,C,T,A,A,A/G,C,T,A,A,G,A/G,A,G,C,C,T,C,A,A/G,A,C,C/T,A,C/T,G,G,A/G,T,C,A,G,G,C,G,G/T,A,G,C/T,T,G,T,A/G,C/T,G/T,C,T
ATT-9372,C,A/G,T,A,A,G,A,G,C,A/G,C,T,A,A,A/G,C,T,A,G,G,A,A,G,C,C,T,C,A,A,A,C,T,A,T,G,G,G,T,C,A,G,G,C,G,G/T,A,G,C/T,T,G/T,T,A,C,T,C,T
AYT-9538,C/T,A,T,A,A,G,A,G,C,A,C,T,A,A,A,C,T,A,A,G/T,A,A,G,C,C,C/T,A/C,A,G,A,C,C/T,A,T,G,G,A/G,T,C,A,A/G,G,C,G,T,A,G,C/T,T,G/T,T,A/G,C/T,T,C,T
AYT-9540,C,G,T,A,A,G,A,G,C,G,C,T,A,A,G,C,C/T,A,A/G,G/T,A,A,G,C,C,T,A/C,A,A/G,A,C,C/T,A,T,G,G,A,T,C,A/G,A,G,C,G,T,A,G,T,T,T,T,A/G,C/T,G/T,C,T
AYT-9548,C,A/G,C/T,A,A,G,A,G,C,A,C,T,A,A,G,C,C,A,A,T,A,A,G,C,C,C/T,A/C,A,G,A,C,C/T,A,C/T,G,G,A/G,T,C,A,G,G,C,G,G/T,A,G,T,C/T,T,C/T,A/G,C/T,G,C,T
AYT-9550,C,A/G,T,A,A,G,A,G,C,A/G,C,C,A,A,A/G,C,C/T,A,A/G,G/T,A,A,A,C,C,C/T,A/C,A,A/G,A,C,C/T,A,T,G,G,G,T,C,A,G,G,C,G,T,A,G,T,C/T,T,C/T,A,T,T,C,T
AYT-9551,C,G,T,A,A,G,A,G,C,A,C,T,A,A,A/G,C,C/T,A,A,T,A,A,G,C,C,C/T,A/C,A,A/G,A,C,C/T,A/G,T,G,G,G,T,C,A,A/G,G,C,G/T,T,A,G,C/T,T,G/T,C/T,A,T,G/T,C,T
AYT-9553,C,A,T,A/G,A,G,A,G,C,A/G,C,C/T,A,A,A/G,C,T,A,A,G/T,A,A,G,C,C,C/T,A,A,A/G,A,C,C/T,A/G,T,G,G,G,T,C,A,G,G,C,G,T,A,G,C/T,T,T,C,A/G,C/T,G/T,C,T
AYT-9554,C,A/G,T,A/G,A,G,A,G,C,A/G,C,T,A,A,A,C,C/T,A,A,T,A,A,G,C,C,C,A/C,A,G,A,C,C/T,A,T,G,G,A/G,T,C,A,A/G,G,C,T,G/T,A,G,C/T,C/T,G/T,T,A,T,T,C,T
AYT-9555,C,A,T,A,A,G,A,G,C,A,C,T,A,A,A,C,T,A,A,G/T,A/G,A,A/G,C,C,C,A,A,G,A,C,C,A/G,T,G,G,G,T,C,A,A/G,G,C,G,T,A,G,T,T,T,C/T,A,T,T,C,T
AYT-9556,C,A/G,T,A/G,A,G,A,G,C,A/G,C,C/T,A,A,A,C,C/T,A,A,T,A,A,A/G,C,C,C/T,C,A,A/G,A,C,C/T,A,T,G,G,G,T,C,A,G,G,C,G,G/T,A,G,T,C/T,T,C/T,A/G,T,T,C,T
AYT-9557,C,G,T,A,A,G,A,G,C,A,C,C,A,A,A/G,C,C/T,A,A/G,T,A/G,A,G,C,C,T,C,A,G,A,C,C/T,A,T,G,G,G,T,C,A/G,A/G,G,C,G,T,A,G,C/T,T,T,T,A/G,T,G/T,C,T
AYT-9559,C,G,T,A/G,A,G,A,G,C,A,C,T,A,A,A,C,T,A,A/G,T,A/G,A,G,C,C,T,C,A,A/G,A,C,T,A,C/T,G,G,A,T,C,A,G,G,C,G/T,G/T,A,G,C,C/T,T,C/T,A/G,C/T,G/T,C,T
AYT-9561,C,G,T,A,A,G,A,G,C,A,C,T,A,A,A,C,T,A,A,G/T,A/G,A,G,C/T,C,T,C,A,A,A,C,C,A/G,T,G,G,A/G,T,C,A,A/G,G,C,G/T,T,A,G,C/T,T,T,T,A/G,C/T,G/T,C,T
AYT-9562,C,G,T,A,A,G,A,G,C,A,C,C/T,A,A,G,C,T,A,A,T,A/G,A,G,C,C,T,C,A,A/G,A,C,T,A,T,G,G,G,T,C,A,A/G,G,C,G,G/T,A,G,C,T,T,C/T,A,C/T,T,C,T
AZT-9374,C/T,G,T,G,A,G,A,G,C,A,C,C/T,A,A,A/G,C,C/T,A,A/G,T,A/G,A,G,C,C,C/T,C,A,A,A,C,NA,A,T,G,G,G,T,C,A,G,G,C,G,T,A,G,C/T,T,G/T,T,A,C,T,C,T
AZT-9375,C,G,C/T,A,A,G,A,G,C,A/G,C,T,A,A,G,C,T,A,G,G/T,A,A,A/G,C,C,T,A/C,A,A,A,C,C,A,C/T,G,G,G,T,C,A,G,G,C,G,T,A,G,C/T,T,T,T,A,C/T,G,C,T
AZT-9376,C,A,T,A/G,A,G,A,G,C,A/G,C,T,A,A,G,C,C/T,A,A,T,A,A,A/G,C,C,T,C,A,A/G,A,C,T,A,C,G,G,A/G,T,C,A,A/G,G,C,G,T,A/C,G,C/T,T,T,C/T,A,C/T,T,C,T
AZT-9377,C/T,G,T,A/G,A,G,A,G,C,A/G,C,T,A,A,A,C,C/T,A,A/G,G/T,A,A,A/G,C,C,T,C,A,A/G,A,C,C,A,C/T,A/G,G,A,T,C,A/G,A/G,G,C,G,T,A,G,C,T,T,T,A/G,T,G/T,C,T
AZT-9378,C/T,A/G,T,A/G,A,G,A,G,C,A,C,C/T,A,A,A/G,C,C/T,A,A/G,G/T,A,A,A/G,C,C,T,C,A,A/G,A,C,NA,A,C,G,G,G,T,C,A,G,G,C,G,G/T,A/C,G,T,T,G/T,T,A/G,C/T,T,C,T
AZT-9380,C,A/G,C/T,G,A,G,A,G,C,A,C,T,A,A,A/G,C,C/T,A,A/G,G/T,A,A,G,C,C,C/T,C,A,A/G,A,C,T,A,C/T,G,G,G,T,C,A,G,G,C,G,G/T,A,G,T,T,G/T,T,A/G,C,T,C,T
